{
  "results": [
    {
      "command": "build:typedoc",
      "mean": 2.14587546012,
      "stddev": 0.057654232594200557,
      "median": 2.11712688102,
      "user": 3.0791543399999997,
      "system": 0.24173486,
      "min": 2.08435248502,
      "max": 2.22594706802,
      "times": [
        2.10905452702, 2.0855508190200003, 2.12519923502, 2.10460777702, 2.2080712350200002,
        2.10765406802, 2.08435248502, 2.2195067350200004, 2.22594706802, 2.1888106520200004
      ],
      "exit_codes": [0, 0, 0, 0, 0, 0, 0, 0, 0, 0]
    },
    {
      "command": "build:ox-content",
      "mean": 0.28125378502,
      "stddev": 0.011629913904215538,
      "median": 0.27859506852000004,
      "user": 0.07981643999999999,
      "system": 0.05768546000000001,
      "min": 0.26617577702000006,
      "max": 0.30098423502000005,
      "times": [
        0.27862686002000003, 0.26931973502000006, 0.28906311002, 0.29325252602, 0.29081248502,
        0.27856327702000006, 0.26617577702000006, 0.27097340102000006, 0.27476644402000006,
        0.30098423502000005
      ],
      "exit_codes": [0, 0, 0, 0, 0, 0, 0, 0, 0, 0]
    }
  ]
}
